title,price,rating,rating_count
AUSK - White Cotton Regular Fit Men's T-Shirt ( Pack of 1 ),369,4.1,213
AUSK - White Cotton Regular Fit Men's T-Shirt ( Pack of 1 ),369,4.1,213
OXRYZER - Maroon Cotton Regular Fit  Men's T-Shirt ( Pack of 1 ),307,4.0,2023
OXRYZER - Maroon Cotton Regular Fit  Men's T-Shirt ( Pack of 1 ),307,4.0,2023
UrbanMark Men Regular Fit Round Neck Half Sleeves Text Print T Shirt-White,199,4.2,25
UrbanMark Men Regular Fit Round Neck Half Sleeves Text Print T Shirt-White,199,4.2,25
UrbanMark Men Regular Fit Round Neck Half Sleeves Graphic Print T Shirt-Black,297,4.3,21
UrbanMark Men Regular Fit Round Neck Half Sleeves Graphic Print T Shirt-Black,297,4.3,21
TAB91 - Grey Cotton Blend Regular Fit Men's Polo T Shirt ( Pack of 1 ),469,4.2,486
TAB91 - Grey Cotton Blend Regular Fit Men's Polo T Shirt ( Pack of 1 ),469,4.2,486
UNIBERRY - Navy Cotton Blend Regular Fit Men's T-Shirt ( Pack of 3 ),539,4.3,30
UNIBERRY - Navy Cotton Blend Regular Fit Men's T-Shirt ( Pack of 3 ),539,4.3,30
Bewakoof - Black Cotton Oversized Fit Men's T-Shirt ( Pack of 1 ),549,4.7,47
Bewakoof - Black Cotton Oversized Fit Men's T-Shirt ( Pack of 1 ),549,4.7,47
Bewakoof - Cotton Regular Fit White Men's T-Shirt ( Pack of 1 ),339,4.6,15
Bewakoof - Cotton Regular Fit White Men's T-Shirt ( Pack of 1 ),339,4.6,15
Dillinger - Coffee 100% Cotton Oversized Fit Men's T-Shirt ( Pack of 1 ),519,3.9,78
Dillinger - Coffee 100% Cotton Oversized Fit Men's T-Shirt ( Pack of 1 ),519,3.9,78
UNIBERRY - Maroon Cotton Blend Regular Fit Men's Polo T Shirt ( Pack of 1 ),399,4.3,21
UNIBERRY - Maroon Cotton Blend Regular Fit Men's Polo T Shirt ( Pack of 1 ),399,4.3,21
UrbanMark Men 100% Cotton Regular Fit Round Neck Half Sleeves Striped T Shirt-Navy,428,4.2,55
UrbanMark Men 100% Cotton Regular Fit Round Neck Half Sleeves Striped T Shirt-Navy,428,4.2,55
Bewakoof - Black Cotton Regular Fit Men's T-Shirt ( Pack of 1 ),469,4.5,37
Bewakoof - Black Cotton Regular Fit Men's T-Shirt ( Pack of 1 ),469,4.5,37
OXRYZER Cotton Blend Regular Fit Colorblock Hooded Full Sleeves Multicolor Men T-Shirt,307,3.8,514
OXRYZER Cotton Blend Regular Fit Colorblock Hooded Full Sleeves Multicolor Men T-Shirt,307,3.8,514
UrbanMark Men 100% Cotton Half Sleeves Regular Fit Solid Polo T Shirt-Light Blue,399,4.3,303
UrbanMark Men 100% Cotton Half Sleeves Regular Fit Solid Polo T Shirt-Light Blue,399,4.3,303
GESPO - Maroon Cotton Blend Regular Fit Men's T-Shirt ( Pack of 1 ),289,3.7,193
GESPO - Maroon Cotton Blend Regular Fit Men's T-Shirt ( Pack of 1 ),289,3.7,193
Difference of Opinion - Navy Blue Cotton Oversized Fit Men's T-Shirt ( Pack of 1 ),469,4.3,101
Difference of Opinion - Navy Blue Cotton Oversized Fit Men's T-Shirt ( Pack of 1 ),469,4.3,101
BISHOP COTTON - Black Polyester Regular Fit Men's T-Shirt ( Pack of 1 ),329,4.0,501
BISHOP COTTON - Black Polyester Regular Fit Men's T-Shirt ( Pack of 1 ),329,4.0,501
Dillinger - Grey 100% Cotton Oversized Fit Men's T-Shirt ( Pack of 1 ),519,4.1,22
Dillinger - Grey 100% Cotton Oversized Fit Men's T-Shirt ( Pack of 1 ),519,4.1,22
UrbanMark Men Half Sleeve Slim Fit Striped Polo T Shirt-Olive & Black,418,4.3,129
UrbanMark Men Half Sleeve Slim Fit Striped Polo T Shirt-Olive & Black,418,4.3,129
UNIBERRY - Pink Cotton Blend Regular Fit Men's T-Shirt ( Pack of 3 ),539,4.3,30
UNIBERRY - Pink Cotton Blend Regular Fit Men's T-Shirt ( Pack of 3 ),539,4.3,30
